dispute_id,action,reason,notes,error_message
2214B8JO003524000000003524,ACCEPT, // Error: No matching dispute found or already processed
2070EXNV012946000000012946,REJECT,Document1.pdf // Error: No matching dispute found or already processed
207076AQ001506000000001506,ACCEPT, // Error: No matching dispute found or already processed
2070PBU7010998000000010998,REJECT,Document2.pdf // Error: No matching dispute found or already processed
2057BSPY019789000000019789,ACCEPT, // Error: No matching dispute found or already processed
20705RGZ002622000000002622,REJECT, // Error: No matching dispute found or already processed
2057XLZH005707000000005707,ACCEPT,Document3.pdf // Error: No matching dispute found or already processed
20339RSD002783000000002783,REJECT,Document4.pdf // Error: No matching dispute found or already processed
2214D5VT005499000000005499,ACCEPT, // Error: No matching dispute found or already processed
